label,type,vol_cm3,bbx_mm,bby_mm,bbz_mm
Chassis,Part::Feature,80.13364760942729,137.69725771971815,131.4956592606975,167.82292271244432
Bottom Plate,Part::Feature,32.66822877596843,136.53081648640386,127.73808478929902,3.500000000000054
Standard Weapon Teeth001,Part::Feature,27.814599525186786,127.00771104642541,115.4423245245207,108.69408015680341
Standard Weapon Teeth,Part::Feature,27.81459856263194,127.00771104642655,115.4423245245207,108.69408015680341
Outer Top Plate,Part::Feature,25.65142927970243,136.53081648640386,127.73808478929902,3.8662086796822237
SOLID001,Part::Feature,18.700000000000017,50.93246939633174,50.89087659842668,20.000000002192653
COMPOUND007,Part::Feature,11.858214157515663,36.135292540999565,30.845872814354863,22.00000000000007
COMPOUND010,Part::Feature,11.858214157515663,36.135292540999565,30.845872814354863,22.00000000000007
COMPOUND006,Part::Feature,10.478960694719257,47.85527133755638,32.74909646631603,26.81450736063359
COMPOUND009,Part::Feature,10.478960694719257,47.85527133755638,32.74909646631603,26.81450736063359
Central Top Plate,Part::Feature,5.974454752712889,65.76883807482317,70.86456064533114,3.5000000000000426
SOLID002,Part::Feature,5.760120475432982,29.350100545010328,34.48812582860953,32.000000000000014
SOLID003,Part::Feature,5.760120475432982,29.350100545010328,34.48812582860953,32.000000000000014
Mesh Modifier,Part::Feature,4.47449815987697,31.999796082241623,37.654494299387096,35.000000000000014
Mesh Modifier001,Part::Feature,4.47449815987697,31.999796082241623,37.654494299387096,35.000000000000014
COMPOUND,Part::Feature,4.305351085135609,26.562563116175387,35.80526785759455,22.628571428571497
COMPOUND003,Part::Feature,4.305351085135609,26.562563116175387,35.80526785759455,22.628571428571497
COMPOUND001,Part::Feature,3.609324344206256,28.72471284308578,36.91749937253636,22.0
COMPOUND004,Part::Feature,3.609324344206256,28.72471284308578,36.91749937253636,22.0
TYPE C TO RJ45 v1,Part::Feature,2.6870892181732646,23.887970200429276,33.52868943722478,39.42287606889614
Motor001,Part::Feature,1.7728101585292209,28.2863221773809,12.004000000000005,27.929563273122547
Motor008,Part::Feature,1.7728101585292209,28.2863221773809,12.004000000000005,27.929563273122547
AM32 35A Single ESC v1,Part::Feature,1.0070232293381367,25.820043732122897,17.36677065192844,13.000000000000007
AM32 35A Single ESC v001,Part::Feature,1.0070232293381354,25.91219164825754,16.85572954968714,13.000000000000018
Motor,Part::Feature,0.7974165670365825,27.9,5.000000999807426,27.9
Motor007,Part::Feature,0.7974165670365825,27.9,5.000000999807426,27.9
The BEC,Part::Feature,0.7159773819886485,16.305072494475414,18.314356124756358,5.000000000001818
_autosave-Adafruit ADXL375_PCB,Part::Feature,0.6656053688709628,15.27870928289173,22.110273625878943,17.780000000004325
Heat Sink,Part::Feature,0.522842917352885,10.0,10.0,10.0
Motor002,Part::Feature,0.4707238365742251,5.39741033782708,34.25,5.211562055210301
Motor009,Part::Feature,0.4707238365742251,5.39741033782708,34.25,5.211562055210301
SOLID,Part::Feature,0.4454038880444339,20.955,1.2499999999999991,17.780000000000022
PART A,Part::Feature,0.4214992413615008,3.1750000000000003,12.7,12.700000000000001
PART A001,Part::Feature,0.4214992413615008,3.1750000000000003,12.7,12.700000000000001
Placa_Base,Part::Feature,0.38468727453256557,16.5,3.010000000000014,21.5
Motor011,Part::Feature,0.3490102168291068,16.0,3.788372701023377,7.288372701023377
Motor004,Part::Feature,0.34901021682910677,16.0,3.788372701023377,7.288372701023377
Receptor FS2A mini v3,Part::Feature,0.32057138546945085,27.83901445606115,22.385033758015346,3.5000000002079297
5V VCC001,Part::Feature,0.2060721506477624,32.44710603678163,37.46541188757694,15.15243780933643
I2C Lines001,Part::Feature,0.1813422589583428,38.959285509263196,34.05460224173564,14.868184668074095
PlasticHousing,Part::Feature,0.16892266338274983,5.51322111794811,8.9,5.9
Motor005,Part::Feature,0.16427387985621023,7.95,4.0,7.950000000000001
Motor012,Part::Feature,0.16427387985621023,7.95,4.0,7.950000000000001
90593A004_Black-Oxide Steel Hex Nut.f3d  v001,Part::Feature,0.15570154966057528,7.8165806957319255,9.525084753013253,9.237604307068114
90593A004_Black-Oxide Steel Hex Nut.f3d  v1,Part::Feature,0.15570154966057526,7.816580695731918,9.525084753013253,9.237604307068118
I2C Lines,Part::Feature,0.1549754098520812,36.43629842064985,28.341120746888286,14.78208650263618
12V GND,Part::Feature,0.13495602722678865,19.92439565896906,41.79845555664489,2.156545180555548
Type I Cross Recessed Flat Countersunk Head Tapping Screw ANSI B18.6.4 4-40 UNC x 0.75 Type C Steel Grade 2 Plain v1,Part::Feature,0.12231851991631647,4.851400000000062,4.851400000000069,19.063101036183458
Type I Cross Recessed Flat Countersunk Head Tapping Screw ANSI B18.6.4 4-40 UNC x 0.75 Type C Steel Grade 2 Plain v003,Part::Feature,0.12231851991631647,4.851400000000062,4.851400000000069,19.063101036183458
Type I Cross Recessed Flat Countersunk Head Tapping Screw ANSI B18.6.4 4-40 UNC x 0.75 Type C Steel Grade 2 Plain v001,Part::Feature,0.12231851991631643,4.851400000000062,4.851400000000069,19.063101036183458
Type I Cross Recessed Flat Countersunk Head Tapping Screw ANSI B18.6.4 4-40 UNC x 0.75 Type C Steel Grade 2 Plain v002,Part::Feature,0.12231851991631643,4.851400000000062,4.851400000000069,19.063101036183458
Type I Cross Recessed Flat Countersunk Head Tapping Screw ANSI B18.6.4 4-40 UNC x 0.75 Type C Steel Grade 2 Plain v004,Part::Feature,0.12231851991631643,4.851400000000062,4.851400000000069,19.063101036183458
Type I Cross Recessed Flat Countersunk Head Tapping Screw ANSI B18.6.4 4-40 UNC x 0.75 Type C Steel Grade 2 Plain v005,Part::Feature,0.12231851991631643,4.851400000000062,4.851400000000069,19.063101036183458
Hexagon Socket Head Cap Screw ISO 4762 - M3 x 8 Steel 4.6 Plain v1,Part::Feature,0.11730829258661393,11.379444855293613,9.494424059190074,5.953157101608191
Hexagon Socket Head Cap Screw ISO 4762 - M3 x 8 Steel 4.6 Plain v004,Part::Feature,0.11730829258661393,11.379444855293613,9.494424059190074,5.953157101608191
Hexagon Socket Head Cap Screw ISO 4762 - M3 x 8 Steel 4.6 Plain v001,Part::Feature,0.11730829258661392,11.379444855293613,9.494424059190074,5.9531571016081894
Hexagon Socket Head Cap Screw ISO 4762 - M3 x 8 Steel 4.6 Plain v002,Part::Feature,0.11730829258661392,11.379444855293613,9.49442405919007,5.9531571016081894
Hexagon Socket Head Cap Screw ISO 4762 - M3 x 8 Steel 4.6 Plain v005,Part::Feature,0.11730829258661392,11.379444855293613,9.494424059190074,5.9531571016081894
Hexagon Socket Head Cap Screw ISO 4762 - M3 x 8 Steel 4.6 Plain v006,Part::Feature,0.11730829258661392,11.379444855293613,9.49442405919007,5.9531571016081894
Hexagon Socket Head Cap Screw ISO 4762 - M3 x 8 Steel 4.6 Plain v003,Part::Feature,0.11730829258661389,11.379444855293613,9.494424059190074,5.953157101608191
Hexagon Socket Head Cap Screw ISO 4762 - M3 x 8 Steel 4.6 Plain v007,Part::Feature,0.11730829258661389,11.379444855293613,9.494424059190074,5.953157101608191
7804K136_Stainless Steel Ball Bearing.f3d  v008,Part::Feature,0.11584738338776791,9.307251283826279,11.375318768932598,11.716736254907925
7804K136_Stainless Steel Ball Bearing.f3d  v021,Part::Feature,0.11584738338776784,9.307251283826268,11.375318768932594,11.716736254907927
12V VCC003,Part::Feature,0.09658232324407734,12.243716037724626,21.9005639628367,13.477874761698796
5V GND001,Part::Feature,0.09065240167677871,22.741091072463107,21.145977908865312,6.457809137147445
12V GND001,Part::Feature,0.08960881569153784,7.8797657203108304,24.81098746178548,12.77787476169513
ESC PWM Lines001,Part::Feature,0.08937011362493001,12.235489860026561,20.732668134774944,11.406704333842205
12V VCC002,Part::Feature,0.083991496052426,15.994144312925986,17.55866016780163,12.777874761695347
ESC PWM Lines,Part::Feature,0.08257432560348392,13.980624645654691,18.910536031016886,7.621281927924661
5V GND,Part::Feature,0.0762178895863324,6.6627271398315635,18.110780244289668,12.500000000436431
Heat Sink001,Part::Feature,0.07499999999999998,10.0,10.0,0.75
12V VCC,Part::Feature,0.07172691544342254,13.002712618945647,21.28975009615936,2.1565451805556224
12V GND002,Part::Feature,0.06559474064868269,17.532289186922462,15.037057413835853,2.74188632826369
TERMINAL,Part::Feature,0.05709668660385593,3.5000000000000098,1.0,17.999999999999993
TERMINAL001,Part::Feature,0.05709668660385592,3.5000000000000098,1.0,17.999999999999993
12V VCC001,Part::Feature,0.05543567232854533,10.494531440117271,19.07774793121005,1.8000000000032035
socket head cap screw_ai_HX-SHCS 0.086-56x0.375x0.375-S,Part::Feature,0.04668314959961669,3.5560000000000005,11.709400000000002,3.556
CUT-EXTRUDE5,Part::Feature,0.044877835622270906,8.866723313055548,2.0,3.668272590277774
Shield,Part::Feature,0.04253071459809781,10.599864800421802,2.6999999999999993,12.600000000036836
5V GND002,Part::Feature,0.04209909540324958,15.1282713634084,5.479850329881,6.515123425175281
CHAMFER9,Part::Feature,0.04130871464168393,8.940000000000001,7.30000000000008,4.200000000000166
7804K136_Stainless Steel Ball Bearing.f3d  v009,Part::Feature,0.033164565043590916,6.58195837383569,7.156039411150905,6.780754177951729
7804K136_Stainless Steel Ball Bearing.f3d  v022,Part::Feature,0.0331645650435909,6.581958373835683,7.156039411150905,6.780754177951728
5V VCC,Part::Feature,0.02470952747447731,9.354864744162917,3.6759582101771002,4.192036754937378
Receiver PWM Channels002,Part::Feature,0.021650882018474926,6.063975131387856,4.345541453128398,5.4999999950310094
Receiver PWM Channels003,Part::Feature,0.021650882018474704,6.154471342796622,4.415025400848936,5.4999999950310094
Receiver PWM Channels001,Part::Feature,0.021650882018474527,6.154471342796619,4.415025400848922,5.4999999950310094
Receiver PWM Channels,Part::Feature,0.0216508820184742,6.2449675542054806,4.484509348569567,5.4999999950310094
MIRROR2,Part::Feature,0.019829215584327094,6.7,4.6,0.7000000000000011
U.FL-R-SMT-1_10_ v1,Part::Feature,0.0031642420139176577,3.0000000000000036,1.250000000000001,3.1000000000000014
Body,Part::Feature,0.0026208,2.6,1.6,0.63
Body001,Part::Feature,0.0026208,2.6,1.6,0.63
7804K136_Stainless Steel Ball Bearing.f3d  v023,Part::Feature,0.002031683939372923,4.814218841949774,7.331900844109732,8.771172843242873
7804K136_Stainless Steel Ball Bearing.f3d  v011,Part::Feature,0.002031683939372919,4.814218841949781,7.331900844109731,8.771172843242873
7804K136_Stainless Steel Ball Bearing.f3d  v010,Part::Feature,0.002031683939372918,4.814218841949781,7.331900844109729,8.771172843242873
7804K136_Stainless Steel Ball Bearing.f3d  v024,Part::Feature,0.002031683939372914,4.814218841949774,7.331900844109734,8.771172843242873
Legs,Part::Feature,0.0014344480725303058,1.402928931664183,6.010000959,0.48351735026100906
Legs001,Part::Feature,0.0013370329975495676,1.995429372194855,5.01,0.48351735026100906
7804K136_Stainless Steel Ball Bearing.f3d  v001,Part::Feature,0.0009047786842338604,1.2000000000000028,1.1999999999999993,1.1999999999999993
7804K136_Stainless Steel Ball Bearing.f3d  v014,Part::Feature,0.0009047786842338601,1.2000000000000028,1.1999999999999993,1.1999999999999993
7804K136_Stainless Steel Ball Bearing.f3d  v006,Part::Feature,0.0009047786842338539,1.2000000000000028,1.1999999999999993,1.1999999999999993
7804K136_Stainless Steel Ball Bearing.f3d  v005,Part::Feature,0.0009047786842338537,1.2000000000000028,1.1999999999999993,1.1999999999999993
7804K136_Stainless Steel Ball Bearing.f3d  v002,Part::Feature,0.0009047786842338536,1.2000000000000028,1.1999999999999993,1.1999999999999993
7804K136_Stainless Steel Ball Bearing.f3d  v003,Part::Feature,0.0009047786842338536,1.2000000000000028,1.1999999999999993,1.1999999999999993
7804K136_Stainless Steel Ball Bearing.f3d  v1,Part::Feature,0.0009047786842338533,1.2000000000000028,1.1999999999999993,1.1999999999999993
7804K136_Stainless Steel Ball Bearing.f3d  v004,Part::Feature,0.0009047786842338533,1.2000000000000028,1.1999999999999993,1.1999999999999993
7804K136_Stainless Steel Ball Bearing.f3d  v007,Part::Feature,0.0009047786842338533,1.2000000000000028,1.1999999999999993,1.1999999999999993
7804K136_Stainless Steel Ball Bearing.f3d  v016,Part::Feature,0.0009047786842338532,1.2000000000000028,1.1999999999999993,1.1999999999999993
7804K136_Stainless Steel Ball Bearing.f3d  v019,Part::Feature,0.0009047786842338532,1.2000000000000028,1.1999999999999993,1.1999999999999993
7804K136_Stainless Steel Ball Bearing.f3d  v013,Part::Feature,0.000904778684233853,1.2000000000000028,1.200000000000001,1.1999999999999993
7804K136_Stainless Steel Ball Bearing.f3d  v015,Part::Feature,0.000904778684233853,1.2000000000000028,1.1999999999999993,1.1999999999999993
7804K136_Stainless Steel Ball Bearing.f3d  v018,Part::Feature,0.0009047786842338529,1.2000000000000028,1.1999999999999993,1.1999999999999993
7804K136_Stainless Steel Ball Bearing.f3d  v017,Part::Feature,0.0009047786842338528,1.2000000000000028,1.1999999999999993,1.1999999999999993
7804K136_Stainless Steel Ball Bearing.f3d  v020,Part::Feature,0.0009047786842338527,1.2000000000000028,1.1999999999999993,1.1999999999999993
BOSS-EXTRUDE7_7_,Part::Feature,0.0008370110881296529,0.30000000000000027,3.7844298315570004,0.75
BOSS-EXTRUDE7_6_,Part::Feature,0.0008370110881296529,0.2999999999999998,3.7844298315570004,0.75
BOSS-EXTRUDE7_2_,Part::Feature,0.0008370110881296529,0.2999999999999998,3.7844298315570004,0.75
BOSS-EXTRUDE7_1_,Part::Feature,0.0008370110881296528,0.2999999999999998,3.7844298315570004,0.75
BOSS-EXTRUDE7_5_,Part::Feature,0.0008370110881296528,0.29999999999999993,3.7844298315570004,0.75
BOSS-EXTRUDE7_4_,Part::Feature,0.0008370110881296526,0.2999999999999998,3.7844298315570004,0.75
BOSS-EXTRUDE7_3_,Part::Feature,0.0008370110881296526,0.2999999999999998,3.7844298315570004,0.75
BOSS-EXTRUDE7_8_,Part::Feature,0.0008370110881296526,0.3000000000000007,3.7844298315570004,0.75
BOSS-EXTRUDE7_9_,Part::Feature,0.0008370110881296526,0.3000000000000007,3.7844298315570004,0.75
BOSS-EXTRUDE14_2_,Part::Feature,0.00017999999999999998,0.6000000000000001,1.0,0.2999999999999998
BOSS-EXTRUDE14_8_,Part::Feature,0.00017999999999999996,0.5999999999999996,1.0,0.2999999999999998
BOSS-EXTRUDE14_6_,Part::Feature,0.00017999999999999988,0.5999999999999996,1.0,0.2999999999999998
BOSS-EXTRUDE14_7_,Part::Feature,0.00017999999999999985,0.5999999999999996,1.0,0.2999999999999998
BOSS-EXTRUDE14_3_,Part::Feature,8.999999999999998e-05,0.2999999999999998,1.0,0.2999999999999998
BOSS-EXTRUDE14_11_,Part::Feature,8.999999999999997e-05,0.2999999999999998,1.0,0.2999999999999998
BOSS-EXTRUDE14_12_,Part::Feature,8.999999999999997e-05,0.2999999999999998,1.0,0.2999999999999998
BOSS-EXTRUDE14_1_,Part::Feature,8.999999999999997e-05,0.2999999999999998,1.0,0.2999999999999998
BOSS-EXTRUDE14_10_,Part::Feature,8.999999999999994e-05,0.2999999999999998,1.0,0.2999999999999998
BOSS-EXTRUDE14_4_,Part::Feature,8.999999999999992e-05,0.2999999999999998,1.0,0.2999999999999998
BOSS-EXTRUDE14_9_,Part::Feature,8.999999999999992e-05,0.2999999999999998,1.0,0.2999999999999998
BOSS-EXTRUDE14_5_,Part::Feature,8.999999999999992e-05,0.2999999999999998,1.0,0.2999999999999998
Pins,Part::Feature,1.9359999999999994e-05,0.43999999999999995,0.43999999999999995,0.1
Pins001,Part::Feature,1.9359999999999994e-05,0.43999999999999995,0.43999999999999995,0.1
Pins002,Part::Feature,1.9359999999999994e-05,0.43999999999999995,0.43999999999999995,0.1
Pins003,Part::Feature,1.9359999999999994e-05,0.43999999999999995,0.43999999999999995,0.1
Pins005,Part::Feature,1.9359999999999994e-05,0.43999999999999995,0.43999999999999995,0.1
Pins006,Part::Feature,1.9359999999999994e-05,0.43999999999999995,0.43999999999999995,0.1
Pins007,Part::Feature,1.9359999999999994e-05,0.43999999999999995,0.43999999999999995,0.1
Pins008,Part::Feature,1.9359999999999994e-05,0.43999999999999995,0.43999999999999995,0.1
Motor003,Part::Feature,5.617811137258304e-11,1.6977897211341002,4.832757585484401,2.739788154031828
Motor010,Part::Feature,5.617810765208935e-11,1.6977897211341002,4.832757585484401,2.739788154031828
